File,ConfigId,Result,RuntimeSec,Count
max2-exp.sl,Bottom-up (raw),sat,0.0047,1363
max2-exp.sl,Bottom-up (OE),sat,0.0443,307
max2-exp.sl,Top-down (raw),sat,0.0523,2742
max2-exp.sl,Top-down (intervals),sat,0.0598982,1170
regex4-simple.sl,Bottom-up (raw),sat,1.5810,261791
regex4-simple.sl,Bottom-up (OE),sat,1.7069,15374
regex4-simple.sl,Top-down (raw),sat,2.2410,221631
regex4-simple.sl,Top-down (intervals),sat,3.3608733,79511
max3-exp.sl,Bottom-up (OE),sat,1.7364,41680
max3-exp.sl,Top-down (intervals),sat,52.7519191,3533567
impv-demo.sl,Bottom-up (raw),sat,21.0149,4403817
impv-demo.sl,Bottom-up (OE),sat,2.1162,101530
impv-demo.sl,Top-down (raw),timeout,325.2261,15194651
impv-demo.sl,Top-down (intervals),err,0,0
regex4-either-pair.sl,Bottom-up (raw),sat,17.9853,1748872
regex4-either-pair.sl,Bottom-up (OE),sat,7.6269,43321
regex4-either-pair.sl,Top-down (raw),sat,24.2528,1493541
regex4-either-pair.sl,Top-down (intervals),sat,23.9983057,497741
polynomial.sl,Bottom-up (OE),sat,11.1745,271117
polynomial.sl,Top-down (intervals),timeout,900,0
regex6-padded-cycle.sl,Bottom-up (OE),sat,49.0421,95725